﻿{
	"Workers": [
		{
			"Name": "Nela",
			"From": "08:30",
			"To": "16:00"
		},
		{
			"Name": "Jakob",
			"From": "08:30",
			"To": "18:00"
		},
		{
			"Name": "Emilie",
			"From": "09:30",
			"To": "17:00"
		},
		{
			"Name": "Asta",
			"From": "16:30",
			"To": "21:30"
		},
		{
			"Name": "Kasper",
			"From": "17:00",
			"To": "21:00"
		},
		{
			"Name": "Silje",
			"From": "09:30",
			"To": "18:00"
		},
		{
			"Name": "Maibrit",
			"From": "11:00",
			"To": "18:00"
		},
		{
			"Name": "Sara",
			"From": "15:30",
			"To": "20:30"
		},
		{
			"Name": "Noa",
			"From": "15:30",
			"To": "21:00"
		},
		{
			"Name": "Maria",
			"From": "15:30",
			"To": "20:30"
		},
		{
			"Name": "Gustav",
			"From": "15:00",
			"To": "20:30"
		}
	]
}